-- phpMyAdmin SQL Dump
-- version 4.5.1
-- http://www.phpmyadmin.net
--
-- Host: 127.0.0.1
-- Generation Time: Jul 17, 2018 at 03:30 PM
-- Server version: 10.1.19-MariaDB
-- PHP Version: 5.6.28

SET SQL_MODE = "NO_AUTO_VALUE_ON_ZERO";
SET time_zone = "+00:00";


/*!40101 SET @OLD_CHARACTER_SET_CLIENT=@@CHARACTER_SET_CLIENT */;
/*!40101 SET @OLD_CHARACTER_SET_RESULTS=@@CHARACTER_SET_RESULTS */;
/*!40101 SET @OLD_COLLATION_CONNECTION=@@COLLATION_CONNECTION */;
/*!40101 SET NAMES utf8mb4 */;

--
-- Database: `penjualan`
--

-- --------------------------------------------------------

--
-- Table structure for table `pj_akses`
--

CREATE TABLE `pj_akses` (
  `id_akses` tinyint(1) UNSIGNED NOT NULL,
  `label` varchar(10) NOT NULL,
  `level_akses` varchar(15) NOT NULL
) ENGINE=MyISAM DEFAULT CHARSET=latin1;

--
-- Dumping data for table `pj_akses`
--

INSERT INTO `pj_akses` (`id_akses`, `label`, `level_akses`) VALUES
(1, 'admin', 'Administrator'),
(2, 'kasir', 'Staff Kasir'),
(3, 'inventory', 'Staff Inventory'),
(4, 'keuangan', 'Staff Keuangan');

-- --------------------------------------------------------

--
-- Table structure for table `pj_barang`
--

CREATE TABLE `pj_barang` (
  `id_barang` int(1) UNSIGNED NOT NULL,
  `kode_barang` varchar(40) NOT NULL,
  `nama_barang` varchar(60) NOT NULL,
  `total_stok` mediumint(1) UNSIGNED NOT NULL,
  `harga` decimal(10,0) NOT NULL,
  `id_kategori_barang` mediumint(1) UNSIGNED NOT NULL,
  `id_merk_barang` mediumint(1) UNSIGNED DEFAULT NULL,
  `keterangan` text NOT NULL,
  `dihapus` enum('tidak','ya') NOT NULL
) ENGINE=MyISAM DEFAULT CHARSET=latin1;

--
-- Dumping data for table `pj_barang`
--

INSERT INTO `pj_barang` (`id_barang`, `kode_barang`, `nama_barang`, `total_stok`, `harga`, `id_kategori_barang`, `id_merk_barang`, `keterangan`, `dihapus`) VALUES
(1, '0001', 'Vespa PTS100 ''92', 2, '18500000', 1, 1, '', 'tidak'),
(2, '0002', 'Vespa Super ''71', 1, '13700000', 3, 3, '', 'tidak'),
(3, '0003', 'Vespa Corsa ''86', 6, '12000000', 2, 2, '', 'tidak'),
(4, '0004', 'Vespa Sprint ''71', 3, '14600000', 3, 4, '', 'tidak'),
(5, '0005', 'Vespa PX150SE Strada ''84 ', 11, '5250000', 4, 5, '', 'tidak');

-- --------------------------------------------------------

--
-- Table structure for table `pj_ci_sessions`
--

CREATE TABLE `pj_ci_sessions` (
  `id` varchar(40) NOT NULL,
  `ip_address` varchar(45) NOT NULL,
  `timestamp` int(10) UNSIGNED NOT NULL DEFAULT '0',
  `data` blob NOT NULL
) ENGINE=InnoDB DEFAULT CHARSET=latin1;

--
-- Dumping data for table `pj_ci_sessions`
--

INSERT INTO `pj_ci_sessions` (`id`, `ip_address`, `timestamp`, `data`) VALUES
('6012d5233c01e3f9d00e7480d796dbb8596fe169', '::1', 1531549896, 0x5f5f63695f6c6173745f726567656e65726174657c693a313533313534393838383b61705f69645f757365727c733a313a2231223b61705f70617373776f72647c733a34303a2264303333653232616533343861656235363630666332313430616563333538353063346461393937223b61705f6e616d617c733a31303a2242616e672041646d696e223b61705f6c6576656c7c733a353a2261646d696e223b61705f6c6576656c5f63617074696f6e7c733a31333a2241646d696e6973747261746f72223b),
('5092b6388c1ee43070b53c529629aa9808dfe3fe', '::1', 1531553009, 0x5f5f63695f6c6173745f726567656e65726174657c693a313533313535323730393b),
('6cc6d8306f7d2c3d89023efe1b94c275fe014172', '::1', 1531553259, 0x5f5f63695f6c6173745f726567656e65726174657c693a313533313535333036323b),
('9ae79440cf590919636308635091f9ebb066f92c', '::1', 1531553696, 0x5f5f63695f6c6173745f726567656e65726174657c693a313533313535333430383b61705f69645f757365727c733a313a2231223b61705f70617373776f72647c733a34303a2264303333653232616533343861656235363630666332313430616563333538353063346461393937223b61705f6e616d617c733a31303a2242616e672041646d696e223b61705f6c6576656c7c733a353a2261646d696e223b61705f6c6576656c5f63617074696f6e7c733a31333a2241646d696e6973747261746f72223b),
('f74f60a32e825359b8d64b8818634a81e8119524', '::1', 1531553880, 0x5f5f63695f6c6173745f726567656e65726174657c693a313533313535333737343b61705f69645f757365727c733a313a2231223b61705f70617373776f72647c733a34303a2264303333653232616533343861656235363630666332313430616563333538353063346461393937223b61705f6e616d617c733a31303a2242616e672041646d696e223b61705f6c6576656c7c733a353a2261646d696e223b61705f6c6576656c5f63617074696f6e7c733a31333a2241646d696e6973747261746f72223b),
('77079d30a9bac0ebbbdc21a8c21adc9c8ffc646f', '::1', 1531557739, 0x5f5f63695f6c6173745f726567656e65726174657c693a313533313535373437373b61705f69645f757365727c733a313a2231223b61705f70617373776f72647c733a34303a2264303333653232616533343861656235363630666332313430616563333538353063346461393937223b61705f6e616d617c733a31303a2242616e672041646d696e223b61705f6c6576656c7c733a353a2261646d696e223b61705f6c6576656c5f63617074696f6e7c733a31333a2241646d696e6973747261746f72223b),
('8ff279d37d64c4ed40eb15cdd6557862d66349b1', '::1', 1531558610, 0x5f5f63695f6c6173745f726567656e65726174657c693a313533313535383435383b),
('7cbadc924c26225eff45ede008cf8c4a62967baf', '::1', 1531568624, 0x5f5f63695f6c6173745f726567656e65726174657c693a313533313536383631323b),
('f047139735f91c5235f7334523593a513ef596bf', '::1', 1531568950, 0x61705f69645f757365727c733a313a2231223b61705f70617373776f72647c733a34303a2264303333653232616533343861656235363630666332313430616563333538353063346461393937223b61705f6e616d617c733a353a2241444d494e223b61705f6c6576656c7c733a353a2261646d696e223b61705f6c6576656c5f63617074696f6e7c733a31333a2241646d696e6973747261746f72223b5f5f63695f6c6173745f726567656e65726174657c693a313533313536383637323b),
('ee0e6b7296376c4b2dd4944fe100be6111467441', '::1', 1531573015, 0x5f5f63695f6c6173745f726567656e65726174657c693a313533313536383938303b61705f69645f757365727c733a313a2231223b61705f70617373776f72647c733a34303a2264303333653232616533343861656235363630666332313430616563333538353063346461393937223b61705f6e616d617c733a353a2241444d494e223b61705f6c6576656c7c733a353a2261646d696e223b61705f6c6576656c5f63617074696f6e7c733a31333a2241646d696e6973747261746f72223b),
('200775d7d7b660c41e7e3da9c1766681e698a82f', '::1', 1531583110, 0x5f5f63695f6c6173745f726567656e65726174657c693a313533313537333031353b61705f69645f757365727c733a313a2231223b61705f70617373776f72647c733a34303a2264303333653232616533343861656235363630666332313430616563333538353063346461393937223b61705f6e616d617c733a353a2241444d494e223b61705f6c6576656c7c733a353a2261646d696e223b61705f6c6576656c5f63617074696f6e7c733a31333a2241646d696e6973747261746f72223b),
('bcc5e23f2d738ca94ac32424479044d7376e085c', '::1', 1531583111, 0x5f5f63695f6c6173745f726567656e65726174657c693a313533313538333131303b61705f69645f757365727c733a313a2231223b61705f70617373776f72647c733a34303a2264303333653232616533343861656235363630666332313430616563333538353063346461393937223b61705f6e616d617c733a353a2241444d494e223b61705f6c6576656c7c733a353a2261646d696e223b61705f6c6576656c5f63617074696f6e7c733a31333a2241646d696e6973747261746f72223b),
('2219a680ee216b0e2d8c6f687a1ff33d3700d921', '::1', 1531589773, 0x5f5f63695f6c6173745f726567656e65726174657c693a313533313538393737323b),
('2ffd23e7e02c93b50ee22f06ea167ff271398470', '::1', 1531633016, 0x61705f69645f757365727c733a313a2231223b61705f70617373776f72647c733a34303a2264303333653232616533343861656235363630666332313430616563333538353063346461393937223b61705f6e616d617c733a353a2241444d494e223b61705f6c6576656c7c733a353a2261646d696e223b61705f6c6576656c5f63617074696f6e7c733a31333a2241646d696e6973747261746f72223b5f5f63695f6c6173745f726567656e65726174657c693a313533313633333031363b),
('390e1f6b73477648a9437512e7c3861db6d3a677', '::1', 1531635239, 0x5f5f63695f6c6173745f726567656e65726174657c693a313533313633353233393b),
('e409b4cf318f6ab86645a7e1047bc3b69318c4a1', '::1', 1531747821, 0x5f5f63695f6c6173745f726567656e65726174657c693a313533313734373832313b),
('d589c996a21cb698690ffbe5b483dcd8ad8c22cf', '::1', 1531820466, 0x5f5f63695f6c6173745f726567656e65726174657c693a313533313832303436363b),
('6f95a8190a8080d54639839a3b76b4450b8e75db', '::1', 1531830802, 0x5f5f63695f6c6173745f726567656e65726174657c693a313533313833303731383b),
('42vfu7inhmdb47piqs6n0ueahuslqp0b', '::1', 1531831664, 0x5f5f63695f6c6173745f726567656e65726174657c693a313533313833313336383b61705f69645f757365727c733a313a2231223b61705f70617373776f72647c733a34303a2264303333653232616533343861656235363630666332313430616563333538353063346461393937223b61705f6e616d617c733a353a2241444d494e223b61705f6c6576656c7c733a353a2261646d696e223b61705f6c6576656c5f63617074696f6e7c733a31333a2241646d696e6973747261746f72223b),
('hcapq6ttn2pl3jgu2embmrgk1td3boj0', '::1', 1531831813, 0x5f5f63695f6c6173745f726567656e65726174657c693a313533313833313639373b61705f69645f757365727c733a313a2231223b61705f70617373776f72647c733a34303a2264303333653232616533343861656235363630666332313430616563333538353063346461393937223b61705f6e616d617c733a353a2241444d494e223b61705f6c6576656c7c733a353a2261646d696e223b61705f6c6576656c5f63617074696f6e7c733a31333a2241646d696e6973747261746f72223b),
('uqjjr0blk4ql2dvalkkacrhs5ai45p0b', '::1', 1531832212, 0x5f5f63695f6c6173745f726567656e65726174657c693a313533313833323035323b61705f69645f757365727c733a313a2231223b61705f70617373776f72647c733a34303a2264303333653232616533343861656235363630666332313430616563333538353063346461393937223b61705f6e616d617c733a353a2241444d494e223b61705f6c6576656c7c733a353a2261646d696e223b61705f6c6576656c5f63617074696f6e7c733a31333a2241646d696e6973747261746f72223b),
('h70vjs1nvjgnc0iki3pnngv9f8k7ct1q', '::1', 1531832600, 0x5f5f63695f6c6173745f726567656e65726174657c693a313533313833323530343b61705f69645f757365727c733a313a2231223b61705f70617373776f72647c733a34303a2264303333653232616533343861656235363630666332313430616563333538353063346461393937223b61705f6e616d617c733a353a2241444d494e223b61705f6c6576656c7c733a353a2261646d696e223b61705f6c6576656c5f63617074696f6e7c733a31333a2241646d696e6973747261746f72223b),
('pgh2ttj77cc0btvhqi1vs726lv52nop6', '::1', 1531833686, 0x5f5f63695f6c6173745f726567656e65726174657c693a313533313833333434313b61705f69645f757365727c733a313a2231223b61705f70617373776f72647c733a34303a2264303333653232616533343861656235363630666332313430616563333538353063346461393937223b61705f6e616d617c733a353a2241444d494e223b61705f6c6576656c7c733a353a2261646d696e223b61705f6c6576656c5f63617074696f6e7c733a31333a2241646d696e6973747261746f72223b),
('db13f0da2aeffc59503a5ae3b169c582a63f1da9', '::1', 1531833805, 0x5f5f63695f6c6173745f726567656e65726174657c693a313533313833333739343b61705f69645f757365727c733a313a2231223b61705f70617373776f72647c733a34303a2264303333653232616533343861656235363630666332313430616563333538353063346461393937223b61705f6e616d617c733a353a2241444d494e223b61705f6c6576656c7c733a353a2261646d696e223b61705f6c6576656c5f63617074696f6e7c733a31333a2241646d696e6973747261746f72223b),
('m8ckjsksh47lsbfmub1s0hgtkr9884p7', '::1', 1531834024, 0x5f5f63695f6c6173745f726567656e65726174657c693a313533313833333833353b61705f69645f757365727c733a313a2231223b61705f70617373776f72647c733a34303a2264303333653232616533343861656235363630666332313430616563333538353063346461393937223b61705f6e616d617c733a353a2241444d494e223b61705f6c6576656c7c733a353a2261646d696e223b61705f6c6576656c5f63617074696f6e7c733a31333a2241646d696e6973747261746f72223b),
('4f24c56be50fa55ef59a3eebffbeaee2be7fbc3f', '::1', 1531834041, 0x5f5f63695f6c6173745f726567656e65726174657c693a313533313833343033313b61705f69645f757365727c733a313a2231223b61705f70617373776f72647c733a34303a2264303333653232616533343861656235363630666332313430616563333538353063346461393937223b61705f6e616d617c733a353a2241444d494e223b61705f6c6576656c7c733a353a2261646d696e223b61705f6c6576656c5f63617074696f6e7c733a31333a2241646d696e6973747261746f72223b),
('710ngujunecl2hhps1qu011e09755jpg', '::1', 1531834211, 0x5f5f63695f6c6173745f726567656e65726174657c693a313533313833343137353b61705f69645f757365727c733a313a2231223b61705f70617373776f72647c733a34303a2264303333653232616533343861656235363630666332313430616563333538353063346461393937223b61705f6e616d617c733a353a2241444d494e223b61705f6c6576656c7c733a353a2261646d696e223b61705f6c6576656c5f63617074696f6e7c733a31333a2241646d696e6973747261746f72223b);

-- --------------------------------------------------------

--
-- Table structure for table `pj_kategori_barang`
--

CREATE TABLE `pj_kategori_barang` (
  `id_kategori_barang` mediumint(1) UNSIGNED NOT NULL,
  `kategori` varchar(40) NOT NULL,
  `dihapus` enum('tidak','ya') NOT NULL
) ENGINE=MyISAM DEFAULT CHARSET=latin1;

--
-- Dumping data for table `pj_kategori_barang`
--

INSERT INTO `pj_kategori_barang` (`id_kategori_barang`, `kategori`, `dihapus`) VALUES
(1, 'Smallframe', 'tidak'),
(2, 'Classic Matic', 'tidak'),
(3, 'Classic Veloce', 'tidak'),
(4, 'Classic ''PX,PS,EXCEL', 'tidak');

-- --------------------------------------------------------

--
-- Table structure for table `pj_merk_barang`
--

CREATE TABLE `pj_merk_barang` (
  `id_merk_barang` mediumint(1) UNSIGNED NOT NULL,
  `merk` varchar(40) NOT NULL,
  `dihapus` enum('tidak','ya') NOT NULL
) ENGINE=MyISAM DEFAULT CHARSET=latin1;

--
-- Dumping data for table `pj_merk_barang`
--

INSERT INTO `pj_merk_barang` (`id_merk_barang`, `merk`, `dihapus`) VALUES
(1, 'Vespa PTS', 'tidak'),
(2, 'Vespa Corsa', 'tidak'),
(3, 'Vespa Super', 'tidak'),
(4, 'Vespa Sprint', 'tidak'),
(5, 'Vespa PX', 'tidak');

-- --------------------------------------------------------

--
-- Table structure for table `pj_pelanggan`
--

CREATE TABLE `pj_pelanggan` (
  `id_pelanggan` mediumint(1) UNSIGNED NOT NULL,
  `nama` varchar(40) NOT NULL,
  `alamat` text,
  `telp` varchar(40) DEFAULT NULL,
  `info_tambahan` text,
  `kode_unik` varchar(30) NOT NULL,
  `waktu_input` datetime NOT NULL,
  `dihapus` enum('tidak','ya') NOT NULL
) ENGINE=MyISAM DEFAULT CHARSET=latin1;

--
-- Dumping data for table `pj_pelanggan`
--

INSERT INTO `pj_pelanggan` (`id_pelanggan`, `nama`, `alamat`, `telp`, `info_tambahan`, `kode_unik`, `waktu_input`, `dihapus`) VALUES
(1, 'Medik', 'Jl.Krajan Tengah No.21 Pecalukan Prigen Pasuruan', '083853909111', '', '15315576671', '2018-07-14 15:41:07', 'tidak');

-- --------------------------------------------------------

--
-- Table structure for table `pj_penjualan_detail`
--

CREATE TABLE `pj_penjualan_detail` (
  `id_penjualan_d` int(1) UNSIGNED NOT NULL,
  `id_penjualan_m` int(1) UNSIGNED NOT NULL,
  `id_barang` int(1) NOT NULL,
  `jumlah_beli` smallint(1) UNSIGNED NOT NULL,
  `harga_satuan` decimal(10,0) NOT NULL,
  `total` decimal(10,0) NOT NULL
) ENGINE=MyISAM DEFAULT CHARSET=latin1;

--
-- Dumping data for table `pj_penjualan_detail`
--

INSERT INTO `pj_penjualan_detail` (`id_penjualan_d`, `id_penjualan_m`, `id_barang`, `jumlah_beli`, `harga_satuan`, `total`) VALUES
(1, 1, 5, 1, '5250000', '5250000');

-- --------------------------------------------------------

--
-- Table structure for table `pj_penjualan_master`
--

CREATE TABLE `pj_penjualan_master` (
  `id_penjualan_m` int(1) UNSIGNED NOT NULL,
  `nomor_nota` varchar(40) NOT NULL,
  `tanggal` datetime NOT NULL,
  `grand_total` decimal(10,0) NOT NULL,
  `bayar` decimal(10,0) NOT NULL,
  `keterangan_lain` text,
  `id_pelanggan` mediumint(1) UNSIGNED DEFAULT NULL,
  `id_user` mediumint(1) UNSIGNED NOT NULL
) ENGINE=MyISAM DEFAULT CHARSET=latin1;

--
-- Dumping data for table `pj_penjualan_master`
--

INSERT INTO `pj_penjualan_master` (`id_penjualan_m`, `nomor_nota`, `tanggal`, `grand_total`, `bayar`, `keterangan_lain`, `id_pelanggan`, `id_user`) VALUES
(1, '5B49B6E40923B1', '2018-07-14 10:40:04', '5250000', '6000000', 'Bayar Tunai', 1, 2);

-- --------------------------------------------------------

--
-- Table structure for table `pj_user`
--

CREATE TABLE `pj_user` (
  `id_user` mediumint(1) UNSIGNED NOT NULL,
  `username` varchar(40) NOT NULL,
  `password` varchar(60) NOT NULL,
  `nama` varchar(50) NOT NULL,
  `id_akses` tinyint(1) UNSIGNED NOT NULL,
  `status` enum('Aktif','Non Aktif') NOT NULL,
  `dihapus` enum('tidak','ya') NOT NULL
) ENGINE=MyISAM DEFAULT CHARSET=latin1;

--
-- Dumping data for table `pj_user`
--

INSERT INTO `pj_user` (`id_user`, `username`, `password`, `nama`, `id_akses`, `status`, `dihapus`) VALUES
(1, 'admin', 'd033e22ae348aeb5660fc2140aec35850c4da997', 'ADMIN', 1, 'Aktif', 'tidak'),
(2, 'kasir', '8691e4fc53b99da544ce86e22acba62d13352eff', 'KasirSatu', 2, 'Aktif', 'tidak'),
(3, 'inventory', 'ec99b813fa064f7f7cfa1d35bc7cc3d743c61fd1', 'Inventory', 3, 'Aktif', 'tidak'),
(4, 'Keuangan', '1f931595786f2f178358d0af5fe4d75eaee46819', 'Keuangan', 4, 'Aktif', 'tidak');

--
-- Indexes for dumped tables
--

--
-- Indexes for table `pj_akses`
--
ALTER TABLE `pj_akses`
  ADD PRIMARY KEY (`id_akses`);

--
-- Indexes for table `pj_barang`
--
ALTER TABLE `pj_barang`
  ADD PRIMARY KEY (`id_barang`);

--
-- Indexes for table `pj_ci_sessions`
--
ALTER TABLE `pj_ci_sessions`
  ADD KEY `ci_sessions_timestamp` (`timestamp`);

--
-- Indexes for table `pj_kategori_barang`
--
ALTER TABLE `pj_kategori_barang`
  ADD PRIMARY KEY (`id_kategori_barang`);

--
-- Indexes for table `pj_merk_barang`
--
ALTER TABLE `pj_merk_barang`
  ADD PRIMARY KEY (`id_merk_barang`);

--
-- Indexes for table `pj_pelanggan`
--
ALTER TABLE `pj_pelanggan`
  ADD PRIMARY KEY (`id_pelanggan`);

--
-- Indexes for table `pj_penjualan_detail`
--
ALTER TABLE `pj_penjualan_detail`
  ADD PRIMARY KEY (`id_penjualan_d`);

--
-- Indexes for table `pj_penjualan_master`
--
ALTER TABLE `pj_penjualan_master`
  ADD PRIMARY KEY (`id_penjualan_m`);

--
-- Indexes for table `pj_user`
--
ALTER TABLE `pj_user`
  ADD PRIMARY KEY (`id_user`);

--
-- AUTO_INCREMENT for dumped tables
--

--
-- AUTO_INCREMENT for table `pj_akses`
--
ALTER TABLE `pj_akses`
  MODIFY `id_akses` tinyint(1) UNSIGNED NOT NULL AUTO_INCREMENT, AUTO_INCREMENT=5;
--
-- AUTO_INCREMENT for table `pj_barang`
--
ALTER TABLE `pj_barang`
  MODIFY `id_barang` int(1) UNSIGNED NOT NULL AUTO_INCREMENT, AUTO_INCREMENT=6;
--
-- AUTO_INCREMENT for table `pj_kategori_barang`
--
ALTER TABLE `pj_kategori_barang`
  MODIFY `id_kategori_barang` mediumint(1) UNSIGNED NOT NULL AUTO_INCREMENT, AUTO_INCREMENT=5;
--
-- AUTO_INCREMENT for table `pj_merk_barang`
--
ALTER TABLE `pj_merk_barang`
  MODIFY `id_merk_barang` mediumint(1) UNSIGNED NOT NULL AUTO_INCREMENT, AUTO_INCREMENT=6;
--
-- AUTO_INCREMENT for table `pj_pelanggan`
--
ALTER TABLE `pj_pelanggan`
  MODIFY `id_pelanggan` mediumint(1) UNSIGNED NOT NULL AUTO_INCREMENT, AUTO_INCREMENT=2;
--
-- AUTO_INCREMENT for table `pj_penjualan_detail`
--
ALTER TABLE `pj_penjualan_detail`
  MODIFY `id_penjualan_d` int(1) UNSIGNED NOT NULL AUTO_INCREMENT, AUTO_INCREMENT=3;
--
-- AUTO_INCREMENT for table `pj_penjualan_master`
--
ALTER TABLE `pj_penjualan_master`
  MODIFY `id_penjualan_m` int(1) UNSIGNED NOT NULL AUTO_INCREMENT, AUTO_INCREMENT=3;
--
-- AUTO_INCREMENT for table `pj_user`
--
ALTER TABLE `pj_user`
  MODIFY `id_user` mediumint(1) UNSIGNED NOT NULL AUTO_INCREMENT, AUTO_INCREMENT=8;
/*!40101 SET CHARACTER_SET_CLIENT=@OLD_CHARACTER_SET_CLIENT */;
/*!40101 SET CHARACTER_SET_RESULTS=@OLD_CHARACTER_SET_RESULTS */;
/*!40101 SET COLLATION_CONNECTION=@OLD_COLLATION_CONNECTION */;
